regulatory_element,ref_sequence,start_pos
IRF4MOD,TGGCGTGTCCGCCTGTTGGAATATGCTTCTCAGGTCTTCTGGGAAACAGATGTTTTGTGGAAGTGGAAGATTTTGGAAGTAGTGCCTTATCATGTGAAACCACAGGGCAGCTGATCTCTTCAGGCTTTCTTGATGTGAATGACAGCTTTGTTTCATCCACTTTGGTGGGTAAAAGAAGGCAAATTCCCCTGTGGTACTTTTGGTGCCAGGTTTAGCCATATGACGAAGCTTTACATAAAACAGTACAAGTATCTCCATTGTCCTTTATGATCCTCCATGAGTGTTTTCACTTAGTCTGATGAAGGGTTCACTCCAGTCTTTTCGGATGATAAAATGCTTCGGCTGTCAGTCTAATAAGGGATTCCCTGAGGAGTTTGGAGGCTGTAAGAGCACCCCCCGTCTCAATGCCAGTGCTTCTTATCTCAGCCTCTCCTGCACTCCTTTACCCCCGTC,396141
MSMBMOD,CAAAGGTCCAGCAATTCAGCTTGTCAGGGAACCCCGAGCTGTATGTAGTTCTTGCTCTCCTGTGCCCTGCAGGATGGCTTGACCCATTTCTGTTCTCATGTCAGACCCTAAGGGCAGGGTCATCTGGGCCACAGACCCAGGCCCGGTGGGCCTGGTGGGCTGACCTGTGGGCTATTCTTATGCCTTCAGGAAACCCACCTTTACCACCTGGCTGTTGTGACTGGCATCGCTGAGGCTGTTTCTTTGTGTATAAAATCGAATAAGGACACATCACGTGCTAGCAATCCACCAGCATAGGGCGAAGGCTCAGCAAAGAGAAGTTCTCTCCTCCTCTGCTCTTTTAGGTCAGCAGCAAATGCAGATCGGGGTGGGGACAAGGTAAACACATAACTTGGGTGGAGATGTGATTGATTAATAACTCATAAATCATCTGAAACCATACTTTCCTTTTGATAGTCAACCCTCTGTAAACACTCAATGTGTTCTCACCTTGTTATCATTCCCAATGATGTCGAATGCGTGGTTGCCCTCTCCAGTATAAAAGTTTGATGCAGCTTTGCCTGGATGTACCTGTCTATAAGGAGTCCTGCTTA,51548986
HBG1,GGCGTCTGGACTAGGAGCTTATTGATAACCTCAGACGTTCCAGAAGCGAGTGTGTGGAACTGCTGAAGGGTGCTTCCTTTTATTCTTCATCCCTAGCCAGCCGCCGGCCCCTGGCCTCACTGGATACTCTAAGACTATTGGTCAAGTTTGCCTTGTCAAGGCTATTGGTCAAGGCAAGGCTGGCCAACCCATGGGTGGAGTTTAGCCAGGGACCGTTTCAGACAGATATTTGCATTGAGATAGTGTGGGGAAGGGGCCCCCAAGAGGATACTGCT,5271034
MSMB,GAAAGGTCCAGCAATTCAGCTTGTCAGGGAACCCCGAGCTGTATGTAGTTCTTGCTCTCCTGTGCCCTGCAGGATGGCTTGACCCATTTCTGTTCTCATGTCAGACCCTAAGGGCAGGGTCATCTGGGCCACAGACCCAGGCCCGGTGGGCCTGGTGGGCTGACCTGTGGGCTATTCTTATGCCTTCAGGAAACCCACCTTTACCACCTGGCTGTTGTGACTGGCATCGCTGAGGCTGTTTCTTTGTGTATAAAATCGAATAAGGACACATCACGTGCTAGCAATCCACCAGCATAGGGCGAAGGCTCAGCAAAGAGAAGTTCTCTCCTCCTCTGCTCTTTTAGGTCAGCAGCAAATGCAGATCGGGGTGGGGACAAGGTAAACACATAACTTGGGTGGAGATGTGATTGATTAATAACTCATAAATCATCTGAAACCATACTTTCCTTTTGATAGTCAACCCTCTGTAAACACTCAATGTGTTCTCACCTTGTTATCATTCCCAATGATGTCGAATGCGTGGTTGCCCTCTCCAGTATAAAAGTTTGATGCAGCTTTGCCTGGATGTACCTGTCTATAAGGAGTCCTGCTTA,51548986
ZFAND3,TGTTCATGTTTCCCCCGTATGTGCGTGCGCATGCACATATATAAACACATCTAGCTTCACACCTGTGTACTCACACCTGTGTGTACACACTCCTCCTGTACATGTGTATACACGCACACCCTCCCACCAGCATGAGCAGTATGTGGATTTTTTCTTCCAGCAGCCCTTTCAAGAACATACACCAGATGGGATTGGGTCTGCTACATGACTGAGCAGCCCCCACATCAGAAAGTCATCATCATTGAATCCATCATGTGGTGCAGCCTTGGCAAGGGCACAGCTCCTCGTCCTGCCCAATGGGCCGTGGAGGAATGCCTCCTCCTCCAGAGCAGAGAGCAGATATGGGCAGGCAGTTGCCAGGCAGTTGAGCCGGGAGAACAGATGGCAGCTGCACAGCCTCCTTCTAGCCCAGTTTCCTGGCTGCCGGGGAAGGAGTTGCAGGCGGCAAGGATCCTGCAGAAACCGCCCTCCCTATAACAGGCCATCTTGCCCTCTATCCTCTTACTGGGCTTTGGAGGTCCCAATCCTGCCCTGGTTCACCACCTGTGTGGCTTACCAAGCTGTGCAACTTGGGGCAGGA,37775273
HBB,GGTGTCTGTTTGAGGTTGCTAGTGAACACAGTTGTGTCAGAAGCAAATGTAAGCAATAGATGGCTCTGCCCTGACTTTTATGCCCAGCCCTGGCTCCTGCCCTCCCTGCTCCTGGGAGTAGATTGGCCAACCCTAGGGTGTGGCTCCACAGGGTGAGGTCTAAGTGATGACAGCCGTACCTGTCCTTG,5248251
SORT1MOD,CGAACTGGAAAAGCCCTGTCCGGTGAGGGGGCAGAAGGACTCAGCGCCCCTGGACCCCCAAATGCTGCATGAACACATTTTCAGGGGAGCCTGTGCCCCCAGGCGGGGGTCGGGCAGCCCCAGCCCCTCTCCTTTTCCTGGACTCTGGCCGTGCGCGGCAGCCCAGGTGTTTGCTCAGTTGCTGACCCAAAAGTGCTTCATTTTTCGTGCCCGCCCCGCGCCCCGGGCAGGCCAGTCATGTGTTAAGTTGCGCTTCTTTGCTGTGATGTGGGTGGGGGAGGAAGAGTAAACACAGTGCTGGCTCGGCTGCCCTGAGGGTGCTCAATCAAGCACAGGTTTCAAGTCTGGGTTCTGGTGTCCACTCACCCACCCCACCCCCCAAAATCAGACAAATGCTACTTTGTCTAACCTGCTGTGGCCTCTGAGACATGTTCTATTTTTAACCCCTTCTTGGAATTGGCTCTCTTCTTCAAAGGACCAGGTCCTGTTCCTCTTTCTCCCCGACTCCACCCCAGCTCCCTGTGAAGAGAGAGTTAATATATTTGTTTTATTTATTTGCTTTTTGTGTTGGGATGGGTTCGTGTCCAGTCCCGGGGGTCTGA,109817272
HBG1MOD,GGCGTCTGGACTAGGAGCTTATTGATAACCTCAGACGTTCCAGAAGCGAGTGTGTGGAACTGCTGAAGGGTGCTTCCTTTTATTCTTCATCCCTAGCCAGCCGCCGGCCCCTGGCCTCACTGGATACTCTAAGACTATTGGTCAAGTTTGCCTTGTCAAGGCTATTGGTCAAGGCAAGGCTGGCCAACCCATGGGTGGAGTTTAGCCAGGGACCGTTTCAGACAGATATTTGCATTGAGATAGTGTGGGGAAGGGGCCCCCAAGAGGATACTGCG,5271034
GP1BB,CGTTGTGAATGCCGCGTCCTGTCCTGGTGACAGGAGAACAATGTTGGTGAACGTCGCAGCGGGTGTCCGAGTGCTCCGTGTGCCCCTGAGAGCGGGTGGGAGCGGAAGCCTGAGCGGCCTGCGGCCTCCGGCGATAGTGTGCTATCTGCCGCTGCAGCGCGCGTCCGCGCGGCCTCTGGGCTATTTCTGGCCAGGCCGCAGCACTGTGGTCGGTGCGGGCGTGGCAGGGGCGGGGCGGCCTTATCGCTCGGCTCTCCCGCCTACGCCTCCCGCTGCAGAGTAAGCCGGGCTGCCGTCTTCTCGCCATGGGCTCCGGTGAGTCTGGAGTCCGGTCGGGCCCCCGGCTGCTCCCTAGGCCGACCCGGGTTGAGAGGAGCTCTGGTCGTT,19710787
F9,GGTCCCACTGATGAACTGTGCTGCCACAGTAAATGTAGCCACTATGCCTATCTCCATTCTGAAGATGTGTCACTTCCTGTTTCAGACTCAAATCAGCCACAGTGGCAGAAGCCCACGAAATCAGAGGTGAAATTTAATAATGACCACTGCCCATTCTCTTCACTTGTCCCAAGAGGCCATTGGAAATAGTCCAAAGACCCATTGAGGGAGATGGACATTATTTCCCAGAAGTAAATACAGCTCAGCTTGTACTTTGGTACAACTAATCGACCTTACCACTTTCACAATCTGCTAGCAAAGGTTA,138612620
ZFAND3MOD,CGTTCATGTTTCCCCCGTATGTGCGTGCGCATGCACATATATAAACACATCTAGCTTCACACCTGTGTACTCACACCTGTGTGTACACACTCCTCCTGTACATGTGTATACACGCACACCCTCCCACCAGCATGAGCAGTATGTGGATTTTTTCTTCCAGCAGCCCTTTCAAGAACATACACCAGATGGGATTGGGTCTGCTACATGACTGAGCAGCCCCCACATCAGAAAGTCATCATCATTGAATCCATCATGTGGTGCAGCCTTGGCAAGGGCACAGCTCCTCGTCCTGCCCAATGGGCCGTGGAGGAATGCCTCCTCCTCCAGAGCAGAGAGCAGATATGGGCAGGCAGTTGCCAGGCAGTTGAGCCGGGAGAACAGATGGCAGCTGCACAGCCTCCTTCTAGCCCAGTTTCCTGGCTGCCGGGGAAGGAGTTGCAGGCGGCAAGGATCCTGCAGAAACCGCCCTCCCTATAACAGGCCATCTTGCCCTCTATCCTCTTACTGGGCTTTGGAGGTCCCAATCCTGCCCTGGTTCACCACCTGTGTGGCTTACCAAGCTGTGCAACTTGGGGCAGGA,37775273
PKLR,TGCTTTCAGTGTGGGCCTGGGGCTGCGGGACCATGGAATGAGAGGGAGAGGATGACAAAACTGCTGGTCTTATCTAAGGGAGACAGAGAAGAGAAAAGGGGCACACCCAGTAGGCCACCCTGTCCCCACAGAATCCCTCCCCCAGAACGGCCTGCTCTCTGCCCTCATCTCCTGGCATTTCCTCTCATCCTTTTTTCCTGATAAATTTTCAATCCATTCATACTATCTGGTCATCCACGTGAATAGATATTTTTTTTTTGGCCAGTCATATGGCCCCATTTTCTTTGTACTTTACTGAAGTTAGCTCTAGTGAATCCAGGGAGCAGGGGCTGTAGGGTGGGGCTGGAGCCTGAAGAAAGACAAAAGGGATCACTGTGATAATATGGTGGGGGGAGGGTTACCCAGTTCTGACCACTTTTTTTCTCTGTCTCAACCAAGAAATGCAGAGTGCCTTCACCACTCTGTAACCTG,155271185
IRF4,GGGCGTGTCCGCCTGTTGGAATATGCTTCTCAGGTCTTCTGGGAAACAGATGTTTTGTGGAAGTGGAAGATTTTGGAAGTAGTGCCTTATCATGTGAAACCACAGGGCAGCTGATCTCTTCAGGCTTTCTTGATGTGAATGACAGCTTTGTTTCATCCACTTTGGTGGGTAAAAGAAGGCAAATTCCCCTGTGGTACTTTTGGTGCCAGGTTTAGCCATATGACGAAGCTTTACATAAAACAGTACAAGTATCTCCATTGTCCTTTATGATCCTCCATGAGTGTTTTCACTTAGTCTGATGAAGGGTTCACTCCAGTCTTTTCGGATGATAAAATGCTTCGGCTGTCAGTCTAATAAGGGATTCCCTGAGGAGTTTGGAGGCTGTAAGAGCACCCCCCGTCTCAATGCCAGTGCTTCTTATCTCAGCCTCTCCTGCACTCCTTTACCCCCGTC,396141
F9MOD,CGTCCCACTGATGAACTGTGCTGCCACAGTAAATGTAGCCACTATGCCTATCTCCATTCTGAAGATGTGTCACTTCCTGTTTCAGACTCAAATCAGCCACAGTGGCAGAAGCCCACGAAATCAGAGGTGAAATTTAATAATGACCACTGCCCATTCTCTTCACTTGTCCCAAGAGGCCATTGGAAATAGTCCAAAGACCCATTGAGGGAGATGGACATTATTTCCCAGAAGTAAATACAGCTCAGCTTGTACTTTGGTACAACTAATCGACCTTACCACTTTCACAATCTGCTAGCAAAGGTTA,138612620
IRF6,GTAAATGGTGAGTAGGAAGTTGATTCTGCCCGATCTGTCTGACTCCATGCCCTTTCTATTAGGTCATGAAGGGGAACCTGAGGATTGGAGCTTTGGAATGTTAATCTTACCCAAAGGCCTGAAGTAATACCCCAGAATGTGAACATGTGTGACCATCTGCCTGTCCTGGGGGTGGGAAGAAGGCAGCATGCTCTATCCTTGACCCTGATTGAGCCCAGGGGCTGAATCTGGAGCTTTGGGGCCTGGGAACCTCTCTACCTGCGTCAATGTCTGGAGGCCCTGAGAGTTTCGCTCAGGCTCAGAGCAGGCATCGCAACCTCCCAGTTACTATTCTGTGCTGTGGCAAGTGCCAGCTTGTCCTCTCTTCCCCACCCAGCCCGGGAAACCGGCAGCATTTCTAGTTCAGGCCCAGACCCGTCCTGGCAGCCTGGATTCCACTGCCTAGGCAGGAAGCTCATCTCAGCCCAGTGACCTTTTCTCTCTGTTTTTTGTCACAGAGGAATTTCCATGCCAGCAGTATGGGGCAATGGGGGTGGGTGGCCAAAGGTTTCCCCCTTAAGCCACAAGAGCCATGGAGTGGAGGTAAGCTAAGCAAACAGAGG,209989134
HNF4A,ACCCCAGAGTGCAGGACTAGGACCCGAGTGGACCTCAGGTCTGGCCAGGTCGCCATTGCCATGGAGACAGCAACAGTCCCCAGCCGCGGGTTCCCTAAGTGACTGGTTACTCTTTAACGTATCCACCCACCTTGGGTGATTAGAAGAATCAATAAGATAACCGGGCGGTGGCAGCTGGCCGCACTCACCGCCTTCCTGGTGGACGGGCTCCTGGTGGCTGTGCTGCTGCTGTGAGCGGGCCCCTGCTCCTCCATGCCCCCAGCTCTCCGGCTGGGTGGGCTTGGCCA,42984158
LDLR,CAGCTCTTCACCGGAGACCCAAATACAACAAATCAAGTCGCCTGCCCTGGCGACACTTTCGAAGGACTGGAGTGGGAATCAGAGCTTCACGGGTTAAAAAGCCGATGTCACATCGGCCGTTCGAAACTCCTCCTCTTGCAGTGAGGTGAAGACATTTGAAAATCACCCCACTGCAAACTCCTCCCCCTGCTAGAAACCTCACATTGAAATGCTGTAAATGACGTGGGCCCCGAGTGCAATCGCGGGAAGCCAGGGTTTCCAGCTAGGACACAGCAGGTCGTGATCCGGGTCGGGACACTGCCTGGCAGAGGCTGCGAGCA,11199905
TERT,TCGCGGGGGTGGCCGGGGCCAGGGCTTCCCACGTGCGCAGCAGGACGCAGCGCTGCCTGAAACTCGCGCCGCGAGGAGAGGGCGGGGCCGCGGAAAGGAAGGGGAGGGGCTGGGAGGGCCCGGAGGGGGCTGGGCCGGGGACCCGGGAGGGGTCGGGACGGGGCGGGGTCCGCGCGGAGGAGGCGGAGCTGGAAGGTGAAGGGGCAGGACGGGTGCCCGGGTCCCCAGTCCCTCCGCCACGTGGGAAGCGCGGTCCTGGG,1295103
MYCrs6983267MOD,CCTGCATCGCTCCATAGAGCCTGCAGAGGGCACTAGACTGGGAATTAGAAAACCTGATTTCCCTTCCAGCTCCACCTCTGACCAATTGCCTGACCCTGGTCAAATTGCTTAACCTCTTCCTATCTCAGCTCCCTATCCATAAAACAGAGGGACGAATAAACTCTCCTCCTACCACTAAGAGGTGTAGCCAGAGTTAATACCCTCATCGTCCTTTGAGCTCAGCAGATGAAAGGCACTGAGAAAAGTACAAAGAATTTTTATGTGCTATTGACTTTATTTTATTTTATGTGGGGGAGGGAGCCGGCCCCAGCTGGAAAGCTGCTTTCTCTGAATCAAAGGGCAGGAACCCAGCAAGTTTCTCAGGATTGGGGCCTTAGACTGGGCTGTGTATACAGACAGTGCCAGCCAACCCCACAGTTCAGTTTCCTTTAACCTGGTGCTCCAGGCAATAACTGTGCAACTCTGCAATTTAACAATGTGTTCTTTGTCCCACAACTGTTCTCGTTTCTCAACTGCCCAGGTAATATGTTTGGGCCTGTAGGAAGAGTCAAATAGTTAATAAGGGAAGGGTTTGGCATGCCCTACGTAAGTTCTACCAGCAA,128413072
MYCrs6983267,GCTGCATCGCTCCATAGAGCCTGCAGAGGGCACTAGACTGGGAATTAGAAAACCTGATTTCCCTTCCAGCTCCACCTCTGACCAATTGCCTGACCCTGGTCAAATTGCTTAACCTCTTCCTATCTCAGCTCCCTATCCATAAAACAGAGGGACGAATAAACTCTCCTCCTACCACTAAGAGGTGTAGCCAGAGTTAATACCCTCATCGTCCTTTGAGCTCAGCAGATGAAAGGCACTGAGAAAAGTACAAAGAATTTTTATGTGCTATTGACTTTATTTTATTTTATGTGGGGGAGGGAGCCGGCCCCAGCTGGAAAGCTGCTTTCTCTGAATCAAAGGGCAGGAACCCAGCAAGTTTCTCAGGATTGGGGCCTTAGACTGGGCTGTGTATACAGACAGTGCCAGCCAACCCCACAGTTCAGTTTCCTTTAACCTGGTGCTCCAGGCAATAACTGTGCAACTCTGCAATTTAACAATGTGTTCTTTGTCCCACAACTGTTCTCGTTTCTCAACTGCCCAGGTAATATGTTTGGGCCTGTAGGAAGAGTCAAATAGTTAATAAGGGAAGGGTTTGGCATGCCCTACGTAAGTTCTACCAGCAA,128413072
HNF4AMOD,CCCCCAGAGTGCAGGACTAGGACCCGAGTGGACCTCAGGTCTGGCCAGGTCGCCATTGCCATGGAGACAGCAACAGTCCCCAGCCGCGGGTTCCCTAAGTGACTGGTTACTCTTTAACGTATCCACCCACCTTGGGTGATTAGAAGAATCAATAAGATAACCGGGCGGTGGCAGCTGGCCGCACTCACCGCCTTCCTGGTGGACGGGCTCCTGGTGGCTGTGCTGCTGCTGTGAGCGGGCCCCTGCTCCTCCATGCCCCCAGCTCTCCGGCTGGGTGGGCTTGGCCA,42984158
SORT1,GGAACTGGAAAAGCCCTGTCCGGTGAGGGGGCAGAAGGACTCAGCGCCCCTGGACCCCCAAATGCTGCATGAACACATTTTCAGGGGAGCCTGTGCCCCCAGGCGGGGGTCGGGCAGCCCCAGCCCCTCTCCTTTTCCTGGACTCTGGCCGTGCGCGGCAGCCCAGGTGTTTGCTCAGTTGCTGACCCAAAAGTGCTTCATTTTTCGTGCCCGCCCCGCGCCCCGGGCAGGCCAGTCATGTGTTAAGTTGCGCTTCTTTGCTGTGATGTGGGTGGGGGAGGAAGAGTAAACACAGTGCTGGCTCGGCTGCCCTGAGGGTGCTCAATCAAGCACAGGTTTCAAGTCTGGGTTCTGGTGTCCACTCACCCACCCCACCCCCCAAAATCAGACAAATGCTACTTTGTCTAACCTGCTGTGGCCTCTGAGACATGTTCTATTTTTAACCCCTTCTTGGAATTGGCTCTCTTCTTCAAAGGACCAGGTCCTGTTCCTCTTTCTCCCCGACTCCACCCCAGCTCCCTGTGAAGAGAGAGTTAATATATTTGTTTTATTTATTTGCTTTTTGTGTTGGGATGGGTTCGTGTCCAGTCCCGGGGGTCTGA,109817272
